session_id,player_id,game_id,start_time,end_time
1_1,1,39,2024-01-13,2024-01-13 00:08:00
1_2,1,39,2024-06-18,2024-06-18 00:49:00
1_3,1,39,2024-03-14,2024-03-14 00:35:00
2_1,2,29,2024-04-14,2024-04-14 00:12:00
2_2,2,29,2024-03-07,2024-03-07 00:52:00
2_3,2,29,2024-04-19,2024-04-19 00:13:00
3_1,3,15,2024-04-26,2024-04-26 00:15:00
3_2,3,15,2024-04-08,2024-04-08 00:41:00
3_3,3,15,2024-02-11,2024-02-11 00:17:00
4_1,4,43,2024-06-12,2024-06-12 00:17:00
4_2,4,43,2024-01-12,2024-01-12 00:41:00
4_3,4,43,2024-03-14,2024-03-14 00:13:00
5_1,5,8,2024-02-21,2024-02-21 00:11:00
5_2,5,8,2024-05-09,2024-05-09 00:58:00
5_3,5,8,2024-02-25,2024-02-25 00:27:00
6_1,6,21,2024-04-12,2024-04-12 00:44:00
6_2,6,21,2024-03-04,2024-03-04 00:43:00
6_3,6,21,2024-03-25,2024-03-25 00:27:00
7_1,7,39,2024-06-05,2024-06-05 00:18:00
7_2,7,39,2024-06-27,2024-06-27 00:09:00
7_3,7,39,2024-03-29,2024-03-29 00:35:00
8_1,8,19,2024-06-26,2024-06-26 00:24:00
9_1,9,23,2024-05-09,2024-05-09 00:29:00
9_2,9,23,2024-01-13,2024-01-13 00:43:00
9_3,9,23,2024-04-15,2024-04-15 00:59:00
10_1,10,11,2024-03-10,2024-03-10 00:07:00
10_2,10,11,2024-04-08,2024-04-08 00:22:00
10_3,10,11,2024-03-15,2024-03-15 00:58:00
11_1,11,11,2024-03-24,2024-03-24 00:09:00
11_2,11,11,2024-02-28,2024-02-28 00:23:00
11_3,11,11,2024-05-05,2024-05-05 00:51:00
12_1,12,24,2024-03-02,2024-03-02 00:20:00
12_2,12,24,2024-05-07,2024-05-07 00:28:00
12_3,12,24,2024-04-14,2024-04-14 00:08:00
13_1,13,36,2024-01-15,2024-01-15 00:29:00
13_2,13,36,2024-02-04,2024-02-04 00:59:00
13_3,13,36,2024-01-14,2024-01-14 00:53:00
14_1,14,40,2024-04-11,2024-04-11 00:40:00
14_2,14,40,2024-01-07,2024-01-07 00:34:00
14_3,14,40,2024-02-18,2024-02-18 00:29:00
15_1,15,24,2024-05-23,2024-05-23 00:51:00
15_2,15,24,2024-06-27,2024-06-27 00:12:00
15_3,15,24,2024-03-20,2024-03-20 00:56:00
16_1,16,3,2024-03-23,2024-03-23 00:46:00
16_2,16,3,2024-01-17,2024-01-17 00:49:00
16_3,16,3,2024-01-07,2024-01-07 00:31:00
17_1,17,22,2024-01-10,2024-01-10 00:38:00
17_2,17,22,2024-02-05,2024-02-05 00:29:00
17_3,17,22,2024-01-06,2024-01-06 00:28:00
18_1,18,2,2024-05-25,2024-05-25 00:27:00
18_2,18,2,2024-05-13,2024-05-13 00:33:00
18_3,18,2,2024-05-05,2024-05-05 00:29:00
19_1,19,24,2024-03-21,2024-03-21 00:50:00
19_2,19,24,2024-05-31,2024-05-31 00:15:00
19_3,19,24,2024-01-26,2024-01-26 00:55:00
20_1,20,44,2024-05-05,2024-05-05 00:38:00
20_2,20,44,2024-01-28,2024-01-28 00:07:00
21_1,21,30,2024-03-15,2024-03-15 00:42:00
21_2,21,30,2024-03-18,2024-03-18 00:55:00
21_3,21,30,2024-03-30,2024-03-30 00:52:00
22_1,22,38,2024-01-21,2024-01-21 00:58:00
23_1,23,2,2024-04-12,2024-04-12 00:34:00
23_2,23,2,2024-02-28,2024-02-28 00:12:00
23_3,23,2,2024-06-27,2024-06-27 00:24:00
24_1,24,21,2024-04-21,2024-04-21 00:36:00
24_2,24,21,2024-02-28,2024-02-28 00:11:00
24_3,24,21,2024-05-16,2024-05-16 00:49:00
25_1,25,33,2024-05-08,2024-05-08 00:33:00
25_2,25,33,2024-02-25,2024-02-25 00:58:00
25_3,25,33,2024-02-04,2024-02-04 00:07:00
26_1,26,12,2024-04-13,2024-04-13 00:11:00
26_2,26,12,2024-01-27,2024-01-27 00:05:00
26_3,26,12,2024-06-20,2024-06-20 00:27:00
27_1,27,22,2024-02-10,2024-02-10 00:15:00
27_2,27,22,2024-02-11,2024-02-11 00:57:00
27_3,27,22,2024-06-09,2024-06-09 00:54:00
28_1,28,44,2024-03-03,2024-03-03 00:40:00
28_2,28,44,2024-06-13,2024-06-13 00:45:00
28_3,28,44,2024-05-06,2024-05-06 00:21:00
29_1,29,25,2024-06-24,2024-06-24 00:09:00
29_2,29,25,2024-02-17,2024-02-17 00:36:00
29_3,29,25,2024-01-03,2024-01-03 00:56:00
30_1,30,49,2024-06-23,2024-06-23 00:39:00
31_1,31,27,2024-04-25,2024-04-25 00:18:00
31_2,31,27,2024-04-21,2024-04-21 00:35:00
31_3,31,27,2024-04-04,2024-04-04 00:21:00
32_1,32,42,2024-05-03,2024-05-03 00:28:00
32_2,32,42,2024-04-25,2024-04-25 00:27:00
32_3,32,42,2024-03-22,2024-03-22 00:54:00
33_1,33,28,2024-03-19,2024-03-19 00:19:00
33_2,33,28,2024-03-10,2024-03-10 00:31:00
33_3,33,28,2024-01-15,2024-01-15 00:54:00
34_1,34,16,2024-02-05,2024-02-05 00:59:00
34_2,34,16,2024-01-08,2024-01-08 00:19:00
34_3,34,16,2024-05-10,2024-05-10 00:51:00
35_1,35,15,2024-04-14,2024-04-14 00:38:00
35_2,35,15,2024-04-05,2024-04-05 00:36:00
35_3,35,15,2024-04-25,2024-04-25 00:53:00
36_1,36,47,2024-01-13,2024-01-13 00:05:00
36_2,36,47,2024-02-03,2024-02-03 00:19:00
37_1,37,44,2024-03-18,2024-03-18 00:33:00
37_2,37,44,2024-04-07,2024-04-07 00:22:00
37_3,37,44,2024-06-07,2024-06-07 00:29:00
38_1,38,3,2024-02-07,2024-02-07 00:18:00
38_2,38,3,2024-05-15,2024-05-15 00:31:00
38_3,38,3,2024-02-23,2024-02-23 00:06:00
39_1,39,37,2024-04-10,2024-04-10 00:18:00
39_2,39,37,2024-03-29,2024-03-29 00:34:00
40_1,40,7,2024-04-02,2024-04-02 00:24:00
40_2,40,7,2024-03-25,2024-03-25 00:57:00
40_3,40,7,2024-01-22,2024-01-22 00:39:00
41_1,41,21,2024-01-16,2024-01-16 00:54:00
41_2,41,21,2024-05-01,2024-05-01 00:53:00
41_3,41,21,2024-06-19,2024-06-19 00:21:00
42_1,42,9,2024-03-20,2024-03-20 00:59:00
42_2,42,9,2024-05-09,2024-05-09 00:08:00
42_3,42,9,2024-03-25,2024-03-25 00:43:00
43_1,43,39,2024-04-03,2024-04-03 00:10:00
43_2,43,39,2024-03-21,2024-03-21 00:43:00
43_3,43,39,2024-03-09,2024-03-09 00:09:00
44_1,44,18,2024-05-27,2024-05-27 00:20:00
44_2,44,18,2024-02-20,2024-02-20 00:45:00
44_3,44,18,2024-06-13,2024-06-13 00:44:00
45_1,45,4,2024-06-18,2024-06-18 00:06:00
45_2,45,4,2024-01-09,2024-01-09 00:47:00
45_3,45,4,2024-04-09,2024-04-09 00:26:00
46_1,46,25,2024-03-04,2024-03-04 00:26:00
46_2,46,25,2024-01-22,2024-01-22 00:38:00
46_3,46,25,2024-06-05,2024-06-05 00:42:00
47_1,47,14,2024-04-19,2024-04-19 00:37:00
47_2,47,14,2024-01-18,2024-01-18 00:11:00
47_3,47,14,2024-05-06,2024-05-06 00:37:00
48_1,48,9,2024-01-01,2024-01-01 00:28:00
48_2,48,9,2024-05-11,2024-05-11 00:08:00
48_3,48,9,2024-05-04,2024-05-04 00:22:00
49_1,49,26,2024-01-27,2024-01-27 00:47:00
49_2,49,26,2024-02-28,2024-02-28 00:36:00
49_3,49,26,2024-06-09,2024-06-09 00:32:00
50_1,50,2,2024-04-15,2024-04-15 00:45:00
50_2,50,2,2024-03-10,2024-03-10 00:20:00
50_3,50,2,2024-02-03,2024-02-03 00:27:00
51_1,51,20,2024-04-23,2024-04-23 00:46:00
51_2,51,20,2024-02-25,2024-02-25 00:53:00
52_1,52,28,2024-01-13,2024-01-13 00:22:00
52_2,52,28,2024-04-22,2024-04-22 00:41:00
52_3,52,28,2024-06-19,2024-06-19 00:43:00
53_1,53,47,2024-06-18,2024-06-18 00:21:00
53_2,53,47,2024-03-19,2024-03-19 00:22:00
53_3,53,47,2024-05-30,2024-05-30 00:58:00
54_1,54,7,2024-01-30,2024-01-30 00:38:00
54_2,54,7,2024-02-27,2024-02-27 00:08:00
54_3,54,7,2024-03-07,2024-03-07 00:11:00
55_1,55,44,2024-05-25,2024-05-25 00:46:00
55_2,55,44,2024-01-07,2024-01-07 00:44:00
55_3,55,44,2024-03-10,2024-03-10 00:26:00
56_1,56,8,2024-03-08,2024-03-08 00:50:00
56_2,56,8,2024-02-18,2024-02-18 00:56:00
57_1,57,47,2024-04-23,2024-04-23 00:47:00
57_2,57,47,2024-01-29,2024-01-29 00:25:00
57_3,57,47,2024-03-18,2024-03-18 00:13:00
58_1,58,35,2024-06-23,2024-06-23 00:16:00
58_2,58,35,2024-02-11,2024-02-11 00:55:00
58_3,58,35,2024-06-27,2024-06-27 00:10:00
59_1,59,14,2024-05-07,2024-05-07 00:24:00
59_2,59,14,2024-06-03,2024-06-03 00:42:00
59_3,59,14,2024-03-12,2024-03-12 00:05:00
60_1,60,17,2024-04-22,2024-04-22 00:28:00
60_2,60,17,2024-05-07,2024-05-07 00:51:00
60_3,60,17,2024-03-23,2024-03-23 00:26:00
61_1,61,36,2024-03-03,2024-03-03 00:59:00
61_2,61,36,2024-02-29,2024-02-29 00:39:00
61_3,61,36,2024-03-02,2024-03-02 00:34:00
62_1,62,40,2024-01-22,2024-01-22 00:15:00
63_1,63,4,2024-05-05,2024-05-05 00:33:00
63_2,63,4,2024-06-17,2024-06-17 00:46:00
63_3,63,4,2024-04-07,2024-04-07 00:05:00
64_1,64,2,2024-01-31,2024-01-31 00:34:00
64_2,64,2,2024-04-21,2024-04-21 00:22:00
64_3,64,2,2024-05-01,2024-05-01 00:21:00
65_1,65,6,2024-02-07,2024-02-07 00:18:00
65_2,65,6,2024-04-19,2024-04-19 00:26:00
65_3,65,6,2024-02-25,2024-02-25 00:59:00
66_1,66,42,2024-05-26,2024-05-26 00:48:00
66_2,66,42,2024-02-04,2024-02-04 00:54:00
66_3,66,42,2024-05-04,2024-05-04 00:05:00
67_1,67,4,2024-02-21,2024-02-21 00:25:00
67_2,67,4,2024-06-13,2024-06-13 00:05:00
67_3,67,4,2024-06-27,2024-06-27 00:05:00
68_1,68,29,2024-01-21,2024-01-21 00:57:00
68_2,68,29,2024-01-16,2024-01-16 00:48:00
68_3,68,29,2024-05-02,2024-05-02 00:58:00
69_1,69,18,2024-06-16,2024-06-16 00:30:00
69_2,69,18,2024-03-20,2024-03-20 00:32:00
69_3,69,18,2024-03-05,2024-03-05 00:40:00
70_1,70,26,2024-03-14,2024-03-14 00:47:00
70_2,70,26,2024-01-17,2024-01-17 00:27:00
70_3,70,26,2024-05-14,2024-05-14 00:48:00
71_1,71,44,2024-03-11,2024-03-11 00:48:00
71_2,71,44,2024-03-19,2024-03-19 00:38:00
71_3,71,44,2024-02-15,2024-02-15 00:49:00
72_1,72,34,2024-03-18,2024-03-18 00:20:00
72_2,72,34,2024-03-11,2024-03-11 00:36:00
72_3,72,34,2024-05-26,2024-05-26 00:06:00
73_1,73,10,2024-01-10,2024-01-10 00:54:00
73_2,73,10,2024-05-04,2024-05-04 00:21:00
73_3,73,10,2024-05-19,2024-05-19 00:10:00
74_1,74,36,2024-05-29,2024-05-29 00:36:00
74_2,74,36,2024-04-14,2024-04-14 00:24:00
74_3,74,36,2024-05-08,2024-05-08 00:58:00
75_1,75,14,2024-02-27,2024-02-27 00:10:00
75_2,75,14,2024-05-25,2024-05-25 00:10:00
75_3,75,14,2024-02-14,2024-02-14 00:37:00
76_1,76,31,2024-01-23,2024-01-23 00:27:00
76_2,76,31,2024-06-02,2024-06-02 00:17:00
77_1,77,48,2024-05-14,2024-05-14 00:19:00
77_2,77,48,2024-02-13,2024-02-13 00:31:00
77_3,77,48,2024-01-26,2024-01-26 00:37:00
78_1,78,15,2024-02-05,2024-02-05 00:49:00
78_2,78,15,2024-02-24,2024-02-24 00:31:00
78_3,78,15,2024-03-09,2024-03-09 00:06:00
79_1,79,8,2024-02-24,2024-02-24 00:37:00
79_2,79,8,2024-03-20,2024-03-20 00:27:00
79_3,79,8,2024-02-07,2024-02-07 00:59:00
80_1,80,14,2024-03-18,2024-03-18 00:33:00
80_2,80,14,2024-06-02,2024-06-02 00:39:00
80_3,80,14,2024-03-19,2024-03-19 00:07:00
81_1,81,23,2024-03-27,2024-03-27 00:33:00
81_2,81,23,2024-02-03,2024-02-03 00:37:00
81_3,81,23,2024-06-17,2024-06-17 00:45:00
82_1,82,40,2024-05-30,2024-05-30 00:11:00
82_2,82,40,2024-01-03,2024-01-03 00:36:00
82_3,82,40,2024-01-31,2024-01-31 00:22:00
83_1,83,21,2024-02-12,2024-02-12 00:11:00
83_2,83,21,2024-04-14,2024-04-14 00:05:00
83_3,83,21,2024-03-01,2024-03-01 00:18:00
84_1,84,16,2024-06-28,2024-06-28 00:36:00
84_2,84,16,2024-01-06,2024-01-06 00:43:00
84_3,84,16,2024-01-10,2024-01-10 00:11:00
85_1,85,45,2024-03-30,2024-03-30 00:38:00
85_2,85,45,2024-06-06,2024-06-06 00:40:00
85_3,85,45,2024-05-28,2024-05-28 00:21:00
86_1,86,18,2024-04-06,2024-04-06 00:14:00
87_1,87,47,2024-04-24,2024-04-24 00:51:00
87_2,87,47,2024-06-18,2024-06-18 00:55:00
87_3,87,47,2024-02-25,2024-02-25 00:20:00
88_1,88,24,2024-02-10,2024-02-10 00:36:00
88_2,88,24,2024-01-15,2024-01-15 00:31:00
89_1,89,26,2024-01-28,2024-01-28 00:21:00
89_2,89,26,2024-03-04,2024-03-04 00:50:00
89_3,89,26,2024-05-09,2024-05-09 00:40:00
90_1,90,25,2024-04-23,2024-04-23 00:11:00
90_2,90,25,2024-01-13,2024-01-13 00:19:00
90_3,90,25,2024-03-29,2024-03-29 00:27:00
91_1,91,45,2024-01-22,2024-01-22 00:30:00
91_2,91,45,2024-03-14,2024-03-14 00:29:00
91_3,91,45,2024-04-10,2024-04-10 00:52:00
92_1,92,41,2024-06-19,2024-06-19 00:57:00
92_2,92,41,2024-06-14,2024-06-14 00:45:00
92_3,92,41,2024-06-21,2024-06-21 00:28:00
93_1,93,29,2024-06-16,2024-06-16 00:50:00
94_1,94,15,2024-04-29,2024-04-29 00:37:00
95_1,95,45,2024-05-24,2024-05-24 00:28:00
95_2,95,45,2024-02-26,2024-02-26 00:06:00
95_3,95,45,2024-04-05,2024-04-05 00:28:00
96_1,96,1,2024-05-16,2024-05-16 00:08:00
96_2,96,1,2024-03-21,2024-03-21 00:21:00
96_3,96,1,2024-04-26,2024-04-26 00:54:00
97_1,97,25,2024-04-21,2024-04-21 00:34:00
97_2,97,25,2024-06-16,2024-06-16 00:15:00
97_3,97,25,2024-03-25,2024-03-25 00:25:00
98_1,98,7,2024-05-25,2024-05-25 00:59:00
98_2,98,7,2024-06-05,2024-06-05 00:28:00
98_3,98,7,2024-03-14,2024-03-14 00:49:00
99_1,99,9,2024-05-24,2024-05-24 00:22:00
99_2,99,9,2024-02-11,2024-02-11 00:52:00
99_3,99,9,2024-04-10,2024-04-10 00:49:00
100_1,100,24,2024-03-22,2024-03-22 00:21:00
100_2,100,24,2024-03-13,2024-03-13 00:18:00
100_3,100,24,2024-06-25,2024-06-25 00:33:00
101_1,101,1,2024-05-11,2024-05-11 00:22:00
101_2,101,1,2024-05-27,2024-05-27 00:51:00
101_3,101,1,2024-04-16,2024-04-16 00:48:00
102_1,102,44,2024-01-09,2024-01-09 00:17:00
102_2,102,44,2024-03-19,2024-03-19 00:31:00
102_3,102,44,2024-01-15,2024-01-15 00:32:00
103_1,103,8,2024-01-19,2024-01-19 00:30:00
103_2,103,8,2024-06-28,2024-06-28 00:30:00
103_3,103,8,2024-06-02,2024-06-02 00:30:00
104_1,104,24,2024-06-22,2024-06-22 00:32:00
104_2,104,24,2024-06-25,2024-06-25 00:22:00
104_3,104,24,2024-05-10,2024-05-10 00:06:00
105_1,105,11,2024-02-11,2024-02-11 00:23:00
105_2,105,11,2024-01-17,2024-01-17 00:48:00
105_3,105,11,2024-06-09,2024-06-09 00:16:00
106_1,106,17,2024-06-25,2024-06-25 00:07:00
106_2,106,17,2024-04-16,2024-04-16 00:53:00
106_3,106,17,2024-02-24,2024-02-24 00:30:00
107_1,107,8,2024-04-08,2024-04-08 00:12:00
107_2,107,8,2024-02-21,2024-02-21 00:40:00
107_3,107,8,2024-04-26,2024-04-26 00:58:00
108_1,108,35,2024-01-07,2024-01-07 00:50:00
108_2,108,35,2024-02-15,2024-02-15 00:40:00
109_1,109,35,2024-05-23,2024-05-23 00:28:00
109_2,109,35,2024-02-23,2024-02-23 00:05:00
109_3,109,35,2024-02-18,2024-02-18 00:29:00
110_1,110,33,2024-01-10,2024-01-10 00:58:00
110_2,110,33,2024-05-23,2024-05-23 00:12:00
110_3,110,33,2024-06-05,2024-06-05 00:43:00
111_1,111,5,2024-04-01,2024-04-01 00:10:00
111_2,111,5,2024-05-23,2024-05-23 00:24:00
111_3,111,5,2024-03-20,2024-03-20 00:11:00
112_1,112,42,2024-03-18,2024-03-18 00:47:00
113_1,113,39,2024-06-02,2024-06-02 00:30:00
113_2,113,39,2024-03-18,2024-03-18 00:11:00
113_3,113,39,2024-06-09,2024-06-09 00:30:00
114_1,114,41,2024-04-30,2024-04-30 00:49:00
114_2,114,41,2024-03-03,2024-03-03 00:07:00
114_3,114,41,2024-06-28,2024-06-28 00:08:00
115_1,115,28,2024-06-02,2024-06-02 00:15:00
115_2,115,28,2024-01-02,2024-01-02 00:18:00
115_3,115,28,2024-04-17,2024-04-17 00:34:00
116_1,116,7,2024-02-18,2024-02-18 00:16:00
116_2,116,7,2024-02-13,2024-02-13 00:37:00
116_3,116,7,2024-01-13,2024-01-13 00:18:00
117_1,117,9,2024-05-05,2024-05-05 00:38:00
117_2,117,9,2024-01-26,2024-01-26 00:25:00
117_3,117,9,2024-06-04,2024-06-04 00:52:00
118_1,118,8,2024-06-16,2024-06-16 00:06:00
118_2,118,8,2024-03-27,2024-03-27 00:19:00
118_3,118,8,2024-01-23,2024-01-23 00:21:00
119_1,119,12,2024-02-17,2024-02-17 00:06:00
119_2,119,12,2024-03-24,2024-03-24 00:24:00
119_3,119,12,2024-02-15,2024-02-15 00:07:00
120_1,120,34,2024-01-12,2024-01-12 00:44:00
120_2,120,34,2024-03-06,2024-03-06 00:40:00
120_3,120,34,2024-03-18,2024-03-18 00:20:00
121_1,121,33,2024-03-23,2024-03-23 00:38:00
121_2,121,33,2024-02-13,2024-02-13 00:50:00
121_3,121,33,2024-05-13,2024-05-13 00:17:00
122_1,122,48,2024-04-09,2024-04-09 00:26:00
122_2,122,48,2024-01-18,2024-01-18 00:16:00
122_3,122,48,2024-06-28,2024-06-28 00:58:00
123_1,123,23,2024-04-26,2024-04-26 00:55:00
123_2,123,23,2024-03-11,2024-03-11 00:36:00
123_3,123,23,2024-02-17,2024-02-17 00:23:00
124_1,124,24,2024-01-06,2024-01-06 00:24:00
124_2,124,24,2024-06-03,2024-06-03 00:57:00
124_3,124,24,2024-04-16,2024-04-16 00:41:00
125_1,125,37,2024-02-17,2024-02-17 00:11:00
125_2,125,37,2024-03-09,2024-03-09 00:15:00
125_3,125,37,2024-05-22,2024-05-22 00:07:00
126_1,126,35,2024-05-01,2024-05-01 00:09:00
126_2,126,35,2024-01-23,2024-01-23 00:57:00
126_3,126,35,2024-02-06,2024-02-06 00:13:00
127_1,127,44,2024-01-15,2024-01-15 00:07:00
127_2,127,44,2024-04-02,2024-04-02 00:10:00
127_3,127,44,2024-01-17,2024-01-17 00:30:00
128_1,128,40,2024-05-28,2024-05-28 00:12:00
128_2,128,40,2024-05-28,2024-05-28 00:15:00
128_3,128,40,2024-06-14,2024-06-14 00:12:00
129_1,129,22,2024-04-15,2024-04-15 00:28:00
129_2,129,22,2024-05-04,2024-05-04 00:39:00
129_3,129,22,2024-04-28,2024-04-28 00:18:00
130_1,130,27,2024-01-14,2024-01-14 00:14:00
130_2,130,27,2024-05-19,2024-05-19 00:42:00
130_3,130,27,2024-04-17,2024-04-17 00:59:00
131_1,131,35,2024-02-03,2024-02-03 00:45:00
131_2,131,35,2024-01-10,2024-01-10 00:21:00
131_3,131,35,2024-05-24,2024-05-24 00:07:00
132_1,132,1,2024-04-24,2024-04-24 00:05:00
132_2,132,1,2024-01-12,2024-01-12 00:43:00
132_3,132,1,2024-01-04,2024-01-04 00:46:00
133_1,133,35,2024-05-20,2024-05-20 00:38:00
133_2,133,35,2024-04-15,2024-04-15 00:25:00
133_3,133,35,2024-04-30,2024-04-30 00:08:00
134_1,134,37,2024-03-22,2024-03-22 00:09:00
134_2,134,37,2024-01-19,2024-01-19 00:06:00
134_3,134,37,2024-01-12,2024-01-12 00:21:00
135_1,135,47,2024-03-14,2024-03-14 00:38:00
135_2,135,47,2024-01-06,2024-01-06 00:12:00
135_3,135,47,2024-05-04,2024-05-04 00:55:00
136_1,136,14,2024-01-11,2024-01-11 00:16:00
136_2,136,14,2024-03-13,2024-03-13 00:06:00
136_3,136,14,2024-01-08,2024-01-08 00:15:00
137_1,137,3,2024-05-03,2024-05-03 00:57:00
137_2,137,3,2024-01-10,2024-01-10 00:25:00
137_3,137,3,2024-04-21,2024-04-21 00:12:00
138_1,138,1,2024-02-05,2024-02-05 00:33:00
138_2,138,1,2024-04-15,2024-04-15 00:16:00
138_3,138,1,2024-01-14,2024-01-14 00:52:00
139_1,139,5,2024-03-26,2024-03-26 00:25:00
139_2,139,5,2024-02-19,2024-02-19 00:34:00
139_3,139,5,2024-06-15,2024-06-15 00:24:00
140_1,140,26,2024-03-27,2024-03-27 00:11:00
140_2,140,26,2024-05-16,2024-05-16 00:05:00
140_3,140,26,2024-06-02,2024-06-02 00:42:00
141_1,141,14,2024-02-07,2024-02-07 00:58:00
141_2,141,14,2024-02-13,2024-02-13 00:26:00
141_3,141,14,2024-02-13,2024-02-13 00:14:00
142_1,142,39,2024-04-28,2024-04-28 00:10:00
142_2,142,39,2024-05-24,2024-05-24 00:55:00
142_3,142,39,2024-02-07,2024-02-07 00:28:00
143_1,143,27,2024-02-20,2024-02-20 00:14:00
143_2,143,27,2024-04-29,2024-04-29 00:12:00
143_3,143,27,2024-05-28,2024-05-28 00:10:00
144_1,144,9,2024-03-25,2024-03-25 00:43:00
144_2,144,9,2024-02-02,2024-02-02 00:22:00
144_3,144,9,2024-02-26,2024-02-26 00:56:00
145_1,145,15,2024-04-05,2024-04-05 00:16:00
145_2,145,15,2024-02-17,2024-02-17 00:46:00
145_3,145,15,2024-01-27,2024-01-27 00:14:00
146_1,146,15,2024-04-19,2024-04-19 00:56:00
146_2,146,15,2024-06-18,2024-06-18 00:36:00
146_3,146,15,2024-01-26,2024-01-26 00:29:00
147_1,147,26,2024-03-15,2024-03-15 00:27:00
147_2,147,26,2024-02-26,2024-02-26 00:56:00
147_3,147,26,2024-05-05,2024-05-05 00:27:00
148_1,148,42,2024-01-31,2024-01-31 00:11:00
148_2,148,42,2024-02-02,2024-02-02 00:25:00
148_3,148,42,2024-01-02,2024-01-02 00:22:00
149_1,149,13,2024-06-23,2024-06-23 00:37:00
149_2,149,13,2024-03-24,2024-03-24 00:39:00
149_3,149,13,2024-06-27,2024-06-27 00:54:00
150_1,150,32,2024-05-25,2024-05-25 00:50:00
150_2,150,32,2024-03-28,2024-03-28 00:12:00
150_3,150,32,2024-05-04,2024-05-04 00:34:00
151_1,151,39,2024-06-20,2024-06-20 00:57:00
151_2,151,39,2024-05-17,2024-05-17 00:27:00
152_1,152,49,2024-06-28,2024-06-28 00:53:00
152_2,152,49,2024-05-18,2024-05-18 00:06:00
152_3,152,49,2024-06-12,2024-06-12 00:37:00
153_1,153,32,2024-06-23,2024-06-23 00:17:00
153_2,153,32,2024-02-09,2024-02-09 00:29:00
153_3,153,32,2024-03-08,2024-03-08 00:46:00
154_1,154,4,2024-05-26,2024-05-26 00:22:00
154_2,154,4,2024-04-03,2024-04-03 00:23:00
154_3,154,4,2024-01-23,2024-01-23 00:58:00
155_1,155,30,2024-03-05,2024-03-05 00:16:00
155_2,155,30,2024-01-24,2024-01-24 00:38:00
155_3,155,30,2024-02-22,2024-02-22 00:12:00
156_1,156,37,2024-01-18,2024-01-18 00:52:00
156_2,156,37,2024-01-05,2024-01-05 00:30:00
157_1,157,23,2024-06-06,2024-06-06 00:58:00
157_2,157,23,2024-01-13,2024-01-13 00:23:00
157_3,157,23,2024-01-29,2024-01-29 00:07:00
158_1,158,39,2024-03-30,2024-03-30 00:44:00
158_2,158,39,2024-05-02,2024-05-02 00:16:00
158_3,158,39,2024-05-09,2024-05-09 00:15:00
159_1,159,45,2024-04-17,2024-04-17 00:32:00
159_2,159,45,2024-03-22,2024-03-22 00:17:00
159_3,159,45,2024-01-02,2024-01-02 00:41:00
160_1,160,15,2024-05-14,2024-05-14 00:30:00
160_2,160,15,2024-03-28,2024-03-28 00:16:00
160_3,160,15,2024-01-16,2024-01-16 00:27:00
161_1,161,43,2024-06-16,2024-06-16 00:13:00
161_2,161,43,2024-02-01,2024-02-01 00:19:00
161_3,161,43,2024-05-20,2024-05-20 00:09:00
162_1,162,29,2024-03-14,2024-03-14 00:56:00
162_2,162,29,2024-03-17,2024-03-17 00:45:00
162_3,162,29,2024-04-19,2024-04-19 00:54:00
163_1,163,36,2024-05-22,2024-05-22 00:46:00
163_2,163,36,2024-05-06,2024-05-06 00:11:00
163_3,163,36,2024-02-09,2024-02-09 00:32:00
164_1,164,13,2024-06-08,2024-06-08 00:39:00
164_2,164,13,2024-05-22,2024-05-22 00:52:00
164_3,164,13,2024-03-25,2024-03-25 00:10:00
165_1,165,32,2024-03-05,2024-03-05 00:08:00
165_2,165,32,2024-01-11,2024-01-11 00:48:00
165_3,165,32,2024-01-26,2024-01-26 00:41:00
166_1,166,7,2024-05-30,2024-05-30 00:33:00
166_2,166,7,2024-03-25,2024-03-25 00:52:00
166_3,166,7,2024-06-16,2024-06-16 00:17:00
167_1,167,22,2024-05-30,2024-05-30 00:20:00
168_1,168,28,2024-03-08,2024-03-08 00:44:00
168_2,168,28,2024-03-20,2024-03-20 00:35:00
168_3,168,28,2024-02-22,2024-02-22 00:46:00
169_1,169,2,2024-06-01,2024-06-01 00:48:00
169_2,169,2,2024-05-19,2024-05-19 00:30:00
169_3,169,2,2024-04-10,2024-04-10 00:52:00
170_1,170,42,2024-04-06,2024-04-06 00:32:00
170_2,170,42,2024-01-09,2024-01-09 00:16:00
170_3,170,42,2024-03-09,2024-03-09 00:58:00
171_1,171,45,2024-01-28,2024-01-28 00:39:00
171_2,171,45,2024-04-19,2024-04-19 00:38:00
172_1,172,6,2024-03-17,2024-03-17 00:43:00
172_2,172,6,2024-04-15,2024-04-15 00:49:00
172_3,172,6,2024-04-21,2024-04-21 00:18:00
173_1,173,28,2024-03-15,2024-03-15 00:46:00
173_2,173,28,2024-06-14,2024-06-14 00:08:00
173_3,173,28,2024-02-02,2024-02-02 00:11:00
174_1,174,28,2024-02-25,2024-02-25 00:45:00
174_2,174,28,2024-04-10,2024-04-10 00:55:00
174_3,174,28,2024-03-14,2024-03-14 00:47:00
175_1,175,44,2024-04-30,2024-04-30 00:19:00
175_2,175,44,2024-06-14,2024-06-14 00:19:00
175_3,175,44,2024-01-05,2024-01-05 00:33:00
176_1,176,44,2024-03-23,2024-03-23 00:58:00
176_2,176,44,2024-02-20,2024-02-20 00:14:00
176_3,176,44,2024-05-19,2024-05-19 00:58:00
177_1,177,20,2024-01-04,2024-01-04 00:35:00
177_2,177,20,2024-05-25,2024-05-25 00:20:00
177_3,177,20,2024-02-05,2024-02-05 00:29:00
178_1,178,30,2024-04-07,2024-04-07 00:40:00
178_2,178,30,2024-04-10,2024-04-10 00:07:00
178_3,178,30,2024-01-09,2024-01-09 00:57:00
179_1,179,11,2024-05-25,2024-05-25 00:47:00
179_2,179,11,2024-06-11,2024-06-11 00:59:00
179_3,179,11,2024-04-14,2024-04-14 00:18:00
180_1,180,28,2024-01-04,2024-01-04 00:33:00
180_2,180,28,2024-06-17,2024-06-17 00:49:00
180_3,180,28,2024-06-26,2024-06-26 00:19:00
181_1,181,25,2024-01-28,2024-01-28 00:46:00
181_2,181,25,2024-03-20,2024-03-20 00:16:00
181_3,181,25,2024-04-25,2024-04-25 00:09:00
182_1,182,39,2024-04-07,2024-04-07 00:46:00
182_2,182,39,2024-01-01,2024-01-01 00:43:00
182_3,182,39,2024-04-05,2024-04-05 00:30:00
183_1,183,33,2024-01-17,2024-01-17 00:52:00
183_2,183,33,2024-03-31,2024-03-31 00:28:00
183_3,183,33,2024-06-11,2024-06-11 00:50:00
184_1,184,1,2024-06-18,2024-06-18 00:58:00
184_2,184,1,2024-06-15,2024-06-15 00:30:00
184_3,184,1,2024-02-18,2024-02-18 00:42:00
185_1,185,27,2024-05-30,2024-05-30 00:26:00
185_2,185,27,2024-05-11,2024-05-11 00:53:00
185_3,185,27,2024-02-28,2024-02-28 00:13:00
186_1,186,13,2024-03-08,2024-03-08 00:11:00
186_2,186,13,2024-05-09,2024-05-09 00:53:00
186_3,186,13,2024-05-05,2024-05-05 00:35:00
187_1,187,41,2024-06-07,2024-06-07 00:51:00
187_2,187,41,2024-06-16,2024-06-16 00:52:00
187_3,187,41,2024-02-20,2024-02-20 00:47:00
188_1,188,3,2024-04-07,2024-04-07 00:59:00
188_2,188,3,2024-06-25,2024-06-25 00:30:00
189_1,189,39,2024-03-20,2024-03-20 00:51:00
189_2,189,39,2024-05-22,2024-05-22 00:31:00
189_3,189,39,2024-06-06,2024-06-06 00:40:00
190_1,190,6,2024-04-22,2024-04-22 00:26:00
190_2,190,6,2024-04-23,2024-04-23 00:54:00
190_3,190,6,2024-05-03,2024-05-03 00:53:00
191_1,191,8,2024-03-16,2024-03-16 00:59:00
191_2,191,8,2024-02-25,2024-02-25 00:08:00
191_3,191,8,2024-04-04,2024-04-04 00:48:00
192_1,192,27,2024-06-07,2024-06-07 00:27:00
192_2,192,27,2024-03-24,2024-03-24 00:19:00
192_3,192,27,2024-05-30,2024-05-30 00:32:00
193_1,193,9,2024-01-16,2024-01-16 00:41:00
193_2,193,9,2024-05-28,2024-05-28 00:19:00
193_3,193,9,2024-05-24,2024-05-24 00:54:00
194_1,194,37,2024-02-06,2024-02-06 00:17:00
194_2,194,37,2024-05-26,2024-05-26 00:34:00
194_3,194,37,2024-02-14,2024-02-14 00:22:00
195_1,195,33,2024-03-02,2024-03-02 00:40:00
195_2,195,33,2024-04-09,2024-04-09 00:24:00
195_3,195,33,2024-02-21,2024-02-21 00:23:00
196_1,196,42,2024-04-18,2024-04-18 00:48:00
196_2,196,42,2024-01-07,2024-01-07 00:48:00
196_3,196,42,2024-04-26,2024-04-26 00:08:00
197_1,197,44,2024-02-03,2024-02-03 00:06:00
197_2,197,44,2024-03-09,2024-03-09 00:59:00
197_3,197,44,2024-01-10,2024-01-10 00:36:00
198_1,198,24,2024-02-11,2024-02-11 00:45:00
198_2,198,24,2024-05-01,2024-05-01 00:14:00
198_3,198,24,2024-01-10,2024-01-10 00:42:00
199_1,199,15,2024-05-07,2024-05-07 00:55:00
199_2,199,15,2024-05-28,2024-05-28 00:12:00
199_3,199,15,2024-04-01,2024-04-01 00:53:00
200_1,200,32,2024-03-18,2024-03-18 00:25:00
200_2,200,32,2024-01-30,2024-01-30 00:25:00
200_3,200,32,2024-02-18,2024-02-18 00:13:00
201_1,201,32,2024-05-24,2024-05-24 00:09:00
201_2,201,32,2024-02-27,2024-02-27 00:35:00
201_3,201,32,2024-02-21,2024-02-21 00:44:00
202_1,202,24,2024-06-14,2024-06-14 00:47:00
202_2,202,24,2024-03-03,2024-03-03 00:23:00
202_3,202,24,2024-02-19,2024-02-19 00:37:00
203_1,203,41,2024-05-20,2024-05-20 00:18:00
203_2,203,41,2024-04-06,2024-04-06 00:33:00
203_3,203,41,2024-02-12,2024-02-12 00:53:00
204_1,204,49,2024-02-05,2024-02-05 00:48:00
204_2,204,49,2024-01-10,2024-01-10 00:35:00
204_3,204,49,2024-01-06,2024-01-06 00:05:00
205_1,205,49,2024-03-11,2024-03-11 00:31:00
205_2,205,49,2024-01-21,2024-01-21 00:32:00
205_3,205,49,2024-05-06,2024-05-06 00:20:00
206_1,206,12,2024-02-25,2024-02-25 00:50:00
206_2,206,12,2024-04-25,2024-04-25 00:24:00
206_3,206,12,2024-01-25,2024-01-25 00:32:00
207_1,207,39,2024-01-05,2024-01-05 00:25:00
207_2,207,39,2024-01-18,2024-01-18 00:51:00
207_3,207,39,2024-02-26,2024-02-26 00:33:00
208_1,208,2,2024-01-19,2024-01-19 00:37:00
208_2,208,2,2024-05-10,2024-05-10 00:46:00
208_3,208,2,2024-01-21,2024-01-21 00:39:00
209_1,209,3,2024-02-09,2024-02-09 00:07:00
209_2,209,3,2024-06-01,2024-06-01 00:49:00
209_3,209,3,2024-02-24,2024-02-24 00:24:00
210_1,210,49,2024-06-28,2024-06-28 00:48:00
210_2,210,49,2024-04-18,2024-04-18 00:38:00
210_3,210,49,2024-04-21,2024-04-21 00:27:00
211_1,211,37,2024-04-24,2024-04-24 00:57:00
212_1,212,49,2024-03-27,2024-03-27 00:13:00
212_2,212,49,2024-03-21,2024-03-21 00:06:00
212_3,212,49,2024-01-19,2024-01-19 00:23:00
213_1,213,17,2024-05-14,2024-05-14 00:58:00
213_2,213,17,2024-02-11,2024-02-11 00:46:00
213_3,213,17,2024-02-28,2024-02-28 00:24:00
214_1,214,49,2024-03-13,2024-03-13 00:21:00
214_2,214,49,2024-01-27,2024-01-27 00:51:00
214_3,214,49,2024-01-02,2024-01-02 00:40:00
215_1,215,2,2024-01-19,2024-01-19 00:21:00
215_2,215,2,2024-03-09,2024-03-09 00:43:00
215_3,215,2,2024-04-26,2024-04-26 00:58:00
216_1,216,2,2024-03-21,2024-03-21 00:43:00
216_2,216,2,2024-02-05,2024-02-05 00:44:00
216_3,216,2,2024-06-21,2024-06-21 00:08:00
217_1,217,28,2024-06-01,2024-06-01 00:09:00
217_2,217,28,2024-06-06,2024-06-06 00:16:00
217_3,217,28,2024-01-29,2024-01-29 00:13:00
218_1,218,23,2024-02-20,2024-02-20 00:28:00
218_2,218,23,2024-01-14,2024-01-14 00:09:00
218_3,218,23,2024-05-25,2024-05-25 00:46:00
219_1,219,37,2024-02-26,2024-02-26 00:23:00
219_2,219,37,2024-01-12,2024-01-12 00:22:00
219_3,219,37,2024-01-17,2024-01-17 00:34:00
220_1,220,32,2024-03-28,2024-03-28 00:15:00
220_2,220,32,2024-04-08,2024-04-08 00:27:00
220_3,220,32,2024-05-08,2024-05-08 00:19:00
221_1,221,33,2024-02-01,2024-02-01 00:13:00
221_2,221,33,2024-01-15,2024-01-15 00:32:00
221_3,221,33,2024-05-31,2024-05-31 00:39:00
222_1,222,1,2024-01-27,2024-01-27 00:23:00
222_2,222,1,2024-04-18,2024-04-18 00:16:00
222_3,222,1,2024-05-27,2024-05-27 00:05:00
223_1,223,19,2024-06-25,2024-06-25 00:49:00
223_2,223,19,2024-05-08,2024-05-08 00:14:00
223_3,223,19,2024-02-16,2024-02-16 00:36:00
224_1,224,2,2024-04-12,2024-04-12 00:26:00
224_2,224,2,2024-05-25,2024-05-25 00:52:00
224_3,224,2,2024-06-22,2024-06-22 00:36:00
225_1,225,44,2024-01-27,2024-01-27 00:32:00
225_2,225,44,2024-01-18,2024-01-18 00:43:00
225_3,225,44,2024-06-25,2024-06-25 00:33:00
226_1,226,26,2024-03-22,2024-03-22 00:48:00
226_2,226,26,2024-03-12,2024-03-12 00:58:00
226_3,226,26,2024-06-10,2024-06-10 00:11:00
227_1,227,32,2024-06-12,2024-06-12 00:22:00
227_2,227,32,2024-02-07,2024-02-07 00:13:00
227_3,227,32,2024-06-27,2024-06-27 00:39:00
228_1,228,6,2024-03-22,2024-03-22 00:09:00
228_2,228,6,2024-05-21,2024-05-21 00:32:00
228_3,228,6,2024-06-06,2024-06-06 00:08:00
229_1,229,32,2024-06-15,2024-06-15 00:24:00
229_2,229,32,2024-06-01,2024-06-01 00:32:00
229_3,229,32,2024-05-29,2024-05-29 00:35:00
230_1,230,4,2024-01-23,2024-01-23 00:52:00
230_2,230,4,2024-05-27,2024-05-27 00:42:00
230_3,230,4,2024-02-24,2024-02-24 00:08:00
231_1,231,11,2024-03-28,2024-03-28 00:29:00
231_2,231,11,2024-01-01,2024-01-01 00:11:00
231_3,231,11,2024-04-04,2024-04-04 00:16:00
232_1,232,17,2024-04-15,2024-04-15 00:09:00
232_2,232,17,2024-04-17,2024-04-17 00:54:00
232_3,232,17,2024-02-11,2024-02-11 00:42:00
233_1,233,38,2024-05-03,2024-05-03 00:16:00
233_2,233,38,2024-04-12,2024-04-12 00:22:00
233_3,233,38,2024-03-14,2024-03-14 00:19:00
234_1,234,24,2024-04-17,2024-04-17 00:21:00
235_1,235,5,2024-03-11,2024-03-11 00:45:00
235_2,235,5,2024-04-28,2024-04-28 00:38:00
235_3,235,5,2024-02-14,2024-02-14 00:55:00
236_1,236,34,2024-05-05,2024-05-05 00:38:00
236_2,236,34,2024-02-13,2024-02-13 00:19:00
236_3,236,34,2024-03-18,2024-03-18 00:10:00
237_1,237,6,2024-06-26,2024-06-26 00:41:00
237_2,237,6,2024-06-08,2024-06-08 00:07:00
237_3,237,6,2024-01-03,2024-01-03 00:26:00
238_1,238,22,2024-03-26,2024-03-26 00:14:00
238_2,238,22,2024-02-20,2024-02-20 00:07:00
238_3,238,22,2024-03-16,2024-03-16 00:33:00
239_1,239,11,2024-06-24,2024-06-24 00:21:00
239_2,239,11,2024-01-07,2024-01-07 00:17:00
239_3,239,11,2024-04-29,2024-04-29 00:06:00
240_1,240,48,2024-01-04,2024-01-04 00:14:00
240_2,240,48,2024-03-28,2024-03-28 00:21:00
240_3,240,48,2024-02-21,2024-02-21 00:10:00
241_1,241,16,2024-03-09,2024-03-09 00:36:00
241_2,241,16,2024-05-16,2024-05-16 00:31:00
241_3,241,16,2024-01-21,2024-01-21 00:28:00
242_1,242,33,2024-01-04,2024-01-04 00:28:00
242_2,242,33,2024-01-03,2024-01-03 00:08:00
242_3,242,33,2024-04-10,2024-04-10 00:44:00
243_1,243,9,2024-06-24,2024-06-24 00:58:00
243_2,243,9,2024-02-04,2024-02-04 00:35:00
243_3,243,9,2024-02-25,2024-02-25 00:48:00
244_1,244,6,2024-02-09,2024-02-09 00:17:00
244_2,244,6,2024-03-08,2024-03-08 00:50:00
244_3,244,6,2024-03-18,2024-03-18 00:17:00
245_1,245,16,2024-06-03,2024-06-03 00:10:00
245_2,245,16,2024-01-17,2024-01-17 00:40:00
245_3,245,16,2024-04-08,2024-04-08 00:21:00
246_1,246,29,2024-01-02,2024-01-02 00:17:00
246_2,246,29,2024-06-28,2024-06-28 00:06:00
246_3,246,29,2024-02-21,2024-02-21 00:32:00
247_1,247,3,2024-06-19,2024-06-19 00:30:00
247_2,247,3,2024-01-22,2024-01-22 00:51:00
247_3,247,3,2024-04-16,2024-04-16 00:59:00
248_1,248,20,2024-03-07,2024-03-07 00:39:00
248_2,248,20,2024-05-19,2024-05-19 00:28:00
248_3,248,20,2024-03-09,2024-03-09 00:24:00
249_1,249,36,2024-04-12,2024-04-12 00:43:00
249_2,249,36,2024-01-13,2024-01-13 00:45:00
249_3,249,36,2024-02-26,2024-02-26 00:57:00
250_1,250,19,2024-01-12,2024-01-12 00:17:00
250_2,250,19,2024-04-29,2024-04-29 00:14:00
250_3,250,19,2024-04-06,2024-04-06 00:44:00
251_1,251,26,2024-04-27,2024-04-27 00:20:00
251_2,251,26,2024-05-07,2024-05-07 00:49:00
252_1,252,3,2024-02-04,2024-02-04 00:07:00
252_2,252,3,2024-04-29,2024-04-29 00:09:00
252_3,252,3,2024-01-11,2024-01-11 00:11:00
253_1,253,19,2024-04-26,2024-04-26 00:14:00
253_2,253,19,2024-04-15,2024-04-15 00:56:00
253_3,253,19,2024-06-10,2024-06-10 00:07:00
254_1,254,20,2024-01-31,2024-01-31 00:15:00
254_2,254,20,2024-03-11,2024-03-11 00:49:00
254_3,254,20,2024-03-06,2024-03-06 00:10:00
255_1,255,32,2024-02-10,2024-02-10 00:36:00
255_2,255,32,2024-01-20,2024-01-20 00:38:00
255_3,255,32,2024-06-26,2024-06-26 00:20:00
256_1,256,7,2024-06-01,2024-06-01 00:16:00
256_2,256,7,2024-02-08,2024-02-08 00:21:00
256_3,256,7,2024-02-14,2024-02-14 00:15:00
257_1,257,41,2024-03-10,2024-03-10 00:27:00
257_2,257,41,2024-03-31,2024-03-31 00:50:00
257_3,257,41,2024-03-10,2024-03-10 00:42:00
258_1,258,33,2024-05-09,2024-05-09 00:26:00
258_2,258,33,2024-03-24,2024-03-24 00:29:00
258_3,258,33,2024-03-19,2024-03-19 00:53:00
259_1,259,40,2024-04-02,2024-04-02 00:12:00
259_2,259,40,2024-06-13,2024-06-13 00:53:00
259_3,259,40,2024-02-21,2024-02-21 00:37:00
260_1,260,39,2024-01-22,2024-01-22 00:54:00
260_2,260,39,2024-05-12,2024-05-12 00:43:00
260_3,260,39,2024-01-18,2024-01-18 00:42:00
261_1,261,18,2024-04-27,2024-04-27 00:57:00
261_2,261,18,2024-02-06,2024-02-06 00:34:00
261_3,261,18,2024-03-04,2024-03-04 00:14:00
262_1,262,40,2024-03-19,2024-03-19 00:46:00
262_2,262,40,2024-05-02,2024-05-02 00:52:00
262_3,262,40,2024-02-13,2024-02-13 00:22:00
263_1,263,1,2024-03-27,2024-03-27 00:37:00
263_2,263,1,2024-01-16,2024-01-16 00:58:00
263_3,263,1,2024-04-11,2024-04-11 00:39:00
264_1,264,11,2024-04-07,2024-04-07 00:32:00
265_1,265,28,2024-01-02,2024-01-02 00:34:00
265_2,265,28,2024-05-20,2024-05-20 00:45:00
265_3,265,28,2024-02-28,2024-02-28 00:09:00
266_1,266,25,2024-04-28,2024-04-28 00:32:00
266_2,266,25,2024-02-14,2024-02-14 00:24:00
266_3,266,25,2024-01-24,2024-01-24 00:31:00
267_1,267,23,2024-04-03,2024-04-03 00:49:00
268_1,268,31,2024-06-03,2024-06-03 00:30:00
268_2,268,31,2024-05-07,2024-05-07 00:11:00
268_3,268,31,2024-06-18,2024-06-18 00:51:00
269_1,269,30,2024-02-22,2024-02-22 00:42:00
269_2,269,30,2024-02-22,2024-02-22 00:19:00
269_3,269,30,2024-06-02,2024-06-02 00:52:00
270_1,270,42,2024-04-04,2024-04-04 00:23:00
270_2,270,42,2024-05-16,2024-05-16 00:33:00
270_3,270,42,2024-05-04,2024-05-04 00:55:00
271_1,271,35,2024-02-08,2024-02-08 00:08:00
271_2,271,35,2024-05-05,2024-05-05 00:07:00
271_3,271,35,2024-03-04,2024-03-04 00:33:00
272_1,272,7,2024-04-25,2024-04-25 00:15:00
272_2,272,7,2024-04-06,2024-04-06 00:42:00
272_3,272,7,2024-06-03,2024-06-03 00:37:00
273_1,273,16,2024-01-21,2024-01-21 00:43:00
273_2,273,16,2024-04-11,2024-04-11 00:50:00
273_3,273,16,2024-03-06,2024-03-06 00:31:00
274_1,274,26,2024-06-12,2024-06-12 00:15:00
274_2,274,26,2024-04-20,2024-04-20 00:22:00
274_3,274,26,2024-05-02,2024-05-02 00:05:00
275_1,275,48,2024-04-08,2024-04-08 00:39:00
276_1,276,49,2024-06-07,2024-06-07 00:32:00
276_2,276,49,2024-04-12,2024-04-12 00:05:00
276_3,276,49,2024-01-25,2024-01-25 00:47:00
277_1,277,2,2024-03-24,2024-03-24 00:07:00
277_2,277,2,2024-02-20,2024-02-20 00:06:00
277_3,277,2,2024-05-05,2024-05-05 00:48:00
278_1,278,1,2024-03-09,2024-03-09 00:13:00
278_2,278,1,2024-01-02,2024-01-02 00:38:00
279_1,279,48,2024-06-07,2024-06-07 00:14:00
279_2,279,48,2024-04-23,2024-04-23 00:16:00
279_3,279,48,2024-06-12,2024-06-12 00:58:00
280_1,280,12,2024-03-25,2024-03-25 00:53:00
280_2,280,12,2024-03-10,2024-03-10 00:52:00
280_3,280,12,2024-06-25,2024-06-25 00:07:00
281_1,281,5,2024-05-12,2024-05-12 00:50:00
281_2,281,5,2024-03-30,2024-03-30 00:42:00
282_1,282,37,2024-01-26,2024-01-26 00:12:00
282_2,282,37,2024-01-05,2024-01-05 00:19:00
282_3,282,37,2024-05-02,2024-05-02 00:20:00
283_1,283,32,2024-01-01,2024-01-01 00:20:00
283_2,283,32,2024-06-13,2024-06-13 00:07:00
283_3,283,32,2024-06-28,2024-06-28 00:51:00
284_1,284,9,2024-04-04,2024-04-04 00:17:00
284_2,284,9,2024-04-29,2024-04-29 00:20:00
284_3,284,9,2024-02-24,2024-02-24 00:47:00
285_1,285,41,2024-05-28,2024-05-28 00:06:00
285_2,285,41,2024-06-03,2024-06-03 00:42:00
285_3,285,41,2024-03-30,2024-03-30 00:42:00
286_1,286,35,2024-06-22,2024-06-22 00:29:00
286_2,286,35,2024-05-18,2024-05-18 00:12:00
286_3,286,35,2024-01-08,2024-01-08 00:37:00
287_1,287,19,2024-04-26,2024-04-26 00:11:00
287_2,287,19,2024-03-04,2024-03-04 00:42:00
287_3,287,19,2024-01-21,2024-01-21 00:12:00
288_1,288,48,2024-04-24,2024-04-24 00:58:00
288_2,288,48,2024-03-25,2024-03-25 00:24:00
288_3,288,48,2024-01-08,2024-01-08 00:50:00
289_1,289,16,2024-01-31,2024-01-31 00:54:00
289_2,289,16,2024-04-02,2024-04-02 00:52:00
289_3,289,16,2024-01-09,2024-01-09 00:19:00
290_1,290,3,2024-04-03,2024-04-03 00:30:00
290_2,290,3,2024-05-17,2024-05-17 00:33:00
290_3,290,3,2024-03-20,2024-03-20 00:40:00
291_1,291,20,2024-03-24,2024-03-24 00:49:00
291_2,291,20,2024-04-27,2024-04-27 00:41:00
291_3,291,20,2024-03-26,2024-03-26 00:11:00
292_1,292,24,2024-05-30,2024-05-30 00:45:00
292_2,292,24,2024-04-02,2024-04-02 00:20:00
292_3,292,24,2024-04-11,2024-04-11 00:32:00
293_1,293,33,2024-06-24,2024-06-24 00:42:00
293_2,293,33,2024-06-07,2024-06-07 00:18:00
294_1,294,24,2024-04-26,2024-04-26 00:37:00
294_2,294,24,2024-03-13,2024-03-13 00:31:00
294_3,294,24,2024-03-30,2024-03-30 00:33:00
295_1,295,11,2024-06-27,2024-06-27 00:53:00
295_2,295,11,2024-06-19,2024-06-19 00:32:00
295_3,295,11,2024-03-12,2024-03-12 00:27:00
296_1,296,49,2024-05-12,2024-05-12 00:46:00
296_2,296,49,2024-05-14,2024-05-14 00:46:00
296_3,296,49,2024-06-12,2024-06-12 00:45:00
297_1,297,8,2024-01-27,2024-01-27 00:50:00
297_2,297,8,2024-03-06,2024-03-06 00:29:00
297_3,297,8,2024-03-13,2024-03-13 00:57:00
298_1,298,36,2024-06-03,2024-06-03 00:05:00
298_2,298,36,2024-03-27,2024-03-27 00:14:00
299_1,299,38,2024-06-18,2024-06-18 00:56:00
299_2,299,38,2024-06-01,2024-06-01 00:58:00
299_3,299,38,2024-05-04,2024-05-04 00:07:00
300_1,300,40,2024-01-06,2024-01-06 00:10:00
300_2,300,40,2024-02-22,2024-02-22 00:06:00
300_3,300,40,2024-02-27,2024-02-27 00:22:00
301_1,301,20,2024-03-27,2024-03-27 00:06:00
301_2,301,20,2024-05-29,2024-05-29 00:41:00
302_1,302,35,2024-05-27,2024-05-27 00:43:00
302_2,302,35,2024-01-24,2024-01-24 00:52:00
302_3,302,35,2024-03-05,2024-03-05 00:05:00
303_1,303,48,2024-05-08,2024-05-08 00:57:00
303_2,303,48,2024-04-25,2024-04-25 00:49:00
303_3,303,48,2024-04-14,2024-04-14 00:51:00
304_1,304,25,2024-01-03,2024-01-03 00:50:00
304_2,304,25,2024-02-24,2024-02-24 00:15:00
304_3,304,25,2024-02-14,2024-02-14 00:30:00
305_1,305,35,2024-03-17,2024-03-17 00:05:00
305_2,305,35,2024-01-24,2024-01-24 00:14:00
306_1,306,25,2024-02-04,2024-02-04 00:28:00
306_2,306,25,2024-01-28,2024-01-28 00:40:00
307_1,307,29,2024-01-16,2024-01-16 00:21:00
307_2,307,29,2024-05-23,2024-05-23 00:19:00
307_3,307,29,2024-01-11,2024-01-11 00:05:00
308_1,308,18,2024-03-19,2024-03-19 00:30:00
308_2,308,18,2024-04-24,2024-04-24 00:08:00
308_3,308,18,2024-02-12,2024-02-12 00:09:00
309_1,309,46,2024-05-20,2024-05-20 00:14:00
309_2,309,46,2024-03-15,2024-03-15 00:22:00
310_1,310,18,2024-04-12,2024-04-12 00:45:00
310_2,310,18,2024-06-26,2024-06-26 00:27:00
310_3,310,18,2024-02-28,2024-02-28 00:43:00
311_1,311,2,2024-01-03,2024-01-03 00:16:00
311_2,311,2,2024-01-07,2024-01-07 00:53:00
311_3,311,2,2024-01-26,2024-01-26 00:37:00
312_1,312,35,2024-04-10,2024-04-10 00:52:00
312_2,312,35,2024-03-19,2024-03-19 00:06:00
312_3,312,35,2024-05-06,2024-05-06 00:11:00
313_1,313,16,2024-06-08,2024-06-08 00:08:00
313_2,313,16,2024-01-20,2024-01-20 00:54:00
313_3,313,16,2024-04-26,2024-04-26 00:40:00
314_1,314,41,2024-02-01,2024-02-01 00:32:00
314_2,314,41,2024-03-17,2024-03-17 00:05:00
314_3,314,41,2024-02-25,2024-02-25 00:39:00
315_1,315,36,2024-04-21,2024-04-21 00:34:00
315_2,315,36,2024-02-23,2024-02-23 00:40:00
315_3,315,36,2024-03-20,2024-03-20 00:23:00
316_1,316,33,2024-03-05,2024-03-05 00:09:00
317_1,317,4,2024-05-07,2024-05-07 00:55:00
317_2,317,4,2024-01-22,2024-01-22 00:28:00
317_3,317,4,2024-04-16,2024-04-16 00:49:00
318_1,318,33,2024-04-25,2024-04-25 00:41:00
318_2,318,33,2024-04-09,2024-04-09 00:40:00
318_3,318,33,2024-03-08,2024-03-08 00:40:00
319_1,319,14,2024-06-28,2024-06-28 00:57:00
319_2,319,14,2024-06-26,2024-06-26 00:20:00
319_3,319,14,2024-06-17,2024-06-17 00:22:00
320_1,320,21,2024-01-22,2024-01-22 00:06:00
320_2,320,21,2024-01-21,2024-01-21 00:40:00
320_3,320,21,2024-05-07,2024-05-07 00:48:00
321_1,321,48,2024-04-12,2024-04-12 00:51:00
321_2,321,48,2024-02-08,2024-02-08 00:33:00
321_3,321,48,2024-02-23,2024-02-23 00:30:00
322_1,322,20,2024-03-25,2024-03-25 00:21:00
322_2,322,20,2024-03-20,2024-03-20 00:35:00
322_3,322,20,2024-03-13,2024-03-13 00:35:00
323_1,323,8,2024-02-18,2024-02-18 00:41:00
323_2,323,8,2024-01-02,2024-01-02 00:56:00
323_3,323,8,2024-06-24,2024-06-24 00:50:00
324_1,324,7,2024-05-21,2024-05-21 00:37:00
324_2,324,7,2024-04-08,2024-04-08 00:43:00
324_3,324,7,2024-06-27,2024-06-27 00:24:00
325_1,325,3,2024-01-02,2024-01-02 00:55:00
325_2,325,3,2024-02-10,2024-02-10 00:23:00
325_3,325,3,2024-05-02,2024-05-02 00:41:00
326_1,326,17,2024-03-22,2024-03-22 00:20:00
326_2,326,17,2024-05-11,2024-05-11 00:16:00
326_3,326,17,2024-01-29,2024-01-29 00:11:00
327_1,327,33,2024-01-14,2024-01-14 00:59:00
327_2,327,33,2024-01-12,2024-01-12 00:39:00
327_3,327,33,2024-05-12,2024-05-12 00:21:00
328_1,328,48,2024-04-15,2024-04-15 00:36:00
328_2,328,48,2024-03-14,2024-03-14 00:47:00
328_3,328,48,2024-03-21,2024-03-21 00:09:00
329_1,329,12,2024-02-14,2024-02-14 00:46:00
329_2,329,12,2024-05-16,2024-05-16 00:53:00
329_3,329,12,2024-06-09,2024-06-09 00:40:00
330_1,330,22,2024-04-09,2024-04-09 00:22:00
330_2,330,22,2024-01-09,2024-01-09 00:33:00
330_3,330,22,2024-05-04,2024-05-04 00:54:00
331_1,331,22,2024-06-01,2024-06-01 00:19:00
331_2,331,22,2024-05-13,2024-05-13 00:46:00
331_3,331,22,2024-06-05,2024-06-05 00:19:00
332_1,332,46,2024-04-02,2024-04-02 00:08:00
332_2,332,46,2024-03-22,2024-03-22 00:54:00
332_3,332,46,2024-06-25,2024-06-25 00:48:00
333_1,333,30,2024-03-15,2024-03-15 00:18:00
333_2,333,30,2024-05-10,2024-05-10 00:55:00
333_3,333,30,2024-04-23,2024-04-23 00:46:00
334_1,334,38,2024-03-04,2024-03-04 00:42:00
334_2,334,38,2024-06-21,2024-06-21 00:46:00
334_3,334,38,2024-01-20,2024-01-20 00:52:00
335_1,335,38,2024-02-26,2024-02-26 00:42:00
335_2,335,38,2024-04-28,2024-04-28 00:18:00
335_3,335,38,2024-04-06,2024-04-06 00:32:00
336_1,336,45,2024-02-21,2024-02-21 00:41:00
336_2,336,45,2024-01-08,2024-01-08 00:48:00
336_3,336,45,2024-04-07,2024-04-07 00:48:00
337_1,337,8,2024-05-12,2024-05-12 00:58:00
337_2,337,8,2024-03-09,2024-03-09 00:35:00
337_3,337,8,2024-02-14,2024-02-14 00:13:00
338_1,338,27,2024-02-01,2024-02-01 00:37:00
338_2,338,27,2024-05-05,2024-05-05 00:07:00
339_1,339,27,2024-01-30,2024-01-30 00:54:00
339_2,339,27,2024-01-29,2024-01-29 00:07:00
339_3,339,27,2024-01-30,2024-01-30 00:13:00
340_1,340,34,2024-06-02,2024-06-02 00:06:00
340_2,340,34,2024-03-02,2024-03-02 00:07:00
341_1,341,21,2024-06-22,2024-06-22 00:08:00
341_2,341,21,2024-01-25,2024-01-25 00:55:00
341_3,341,21,2024-05-20,2024-05-20 00:43:00
342_1,342,30,2024-02-13,2024-02-13 00:39:00
342_2,342,30,2024-02-24,2024-02-24 00:27:00
342_3,342,30,2024-05-16,2024-05-16 00:06:00
343_1,343,33,2024-02-10,2024-02-10 00:48:00
343_2,343,33,2024-03-04,2024-03-04 00:35:00
343_3,343,33,2024-02-16,2024-02-16 00:06:00
344_1,344,28,2024-04-05,2024-04-05 00:22:00
344_2,344,28,2024-03-17,2024-03-17 00:50:00
344_3,344,28,2024-03-09,2024-03-09 00:46:00
345_1,345,47,2024-02-13,2024-02-13 00:14:00
345_2,345,47,2024-02-25,2024-02-25 00:47:00
345_3,345,47,2024-05-06,2024-05-06 00:29:00
346_1,346,33,2024-06-10,2024-06-10 00:41:00
346_2,346,33,2024-01-30,2024-01-30 00:11:00
346_3,346,33,2024-04-27,2024-04-27 00:59:00
347_1,347,5,2024-03-07,2024-03-07 00:17:00
347_2,347,5,2024-01-03,2024-01-03 00:30:00
347_3,347,5,2024-02-26,2024-02-26 00:28:00
348_1,348,48,2024-02-22,2024-02-22 00:10:00
348_2,348,48,2024-02-12,2024-02-12 00:53:00
348_3,348,48,2024-02-11,2024-02-11 00:16:00
349_1,349,19,2024-01-11,2024-01-11 00:43:00
349_2,349,19,2024-04-07,2024-04-07 00:30:00
349_3,349,19,2024-05-25,2024-05-25 00:25:00
350_1,350,4,2024-04-09,2024-04-09 00:44:00
350_2,350,4,2024-06-28,2024-06-28 00:50:00
350_3,350,4,2024-02-13,2024-02-13 00:26:00
351_1,351,35,2024-04-23,2024-04-23 00:47:00
351_2,351,35,2024-05-04,2024-05-04 00:34:00
351_3,351,35,2024-01-08,2024-01-08 00:38:00
352_1,352,49,2024-02-26,2024-02-26 00:51:00
352_2,352,49,2024-03-13,2024-03-13 00:55:00
352_3,352,49,2024-01-20,2024-01-20 00:44:00
353_1,353,17,2024-01-25,2024-01-25 00:23:00
353_2,353,17,2024-01-05,2024-01-05 00:15:00
353_3,353,17,2024-05-07,2024-05-07 00:12:00
354_1,354,44,2024-06-03,2024-06-03 00:44:00
354_2,354,44,2024-01-26,2024-01-26 00:31:00
354_3,354,44,2024-03-23,2024-03-23 00:54:00
355_1,355,28,2024-06-18,2024-06-18 00:33:00
355_2,355,28,2024-06-15,2024-06-15 00:45:00
355_3,355,28,2024-02-02,2024-02-02 00:23:00
356_1,356,30,2024-04-06,2024-04-06 00:51:00
356_2,356,30,2024-01-16,2024-01-16 00:27:00
356_3,356,30,2024-05-14,2024-05-14 00:30:00
357_1,357,29,2024-04-05,2024-04-05 00:16:00
358_1,358,46,2024-03-12,2024-03-12 00:09:00
358_2,358,46,2024-04-15,2024-04-15 00:32:00
358_3,358,46,2024-04-26,2024-04-26 00:09:00
359_1,359,6,2024-06-25,2024-06-25 00:30:00
359_2,359,6,2024-05-12,2024-05-12 00:26:00
359_3,359,6,2024-01-13,2024-01-13 00:32:00
360_1,360,35,2024-06-09,2024-06-09 00:47:00
360_2,360,35,2024-01-23,2024-01-23 00:37:00
360_3,360,35,2024-01-18,2024-01-18 00:54:00
361_1,361,41,2024-04-26,2024-04-26 00:34:00
361_2,361,41,2024-01-26,2024-01-26 00:20:00
362_1,362,37,2024-02-08,2024-02-08 00:37:00
362_2,362,37,2024-06-02,2024-06-02 00:52:00
362_3,362,37,2024-06-14,2024-06-14 00:06:00
363_1,363,24,2024-04-22,2024-04-22 00:10:00
363_2,363,24,2024-02-15,2024-02-15 00:54:00
363_3,363,24,2024-06-14,2024-06-14 00:46:00
364_1,364,29,2024-05-25,2024-05-25 00:31:00
364_2,364,29,2024-06-17,2024-06-17 00:12:00
364_3,364,29,2024-03-14,2024-03-14 00:21:00
365_1,365,49,2024-06-05,2024-06-05 00:10:00
365_2,365,49,2024-05-29,2024-05-29 00:58:00
365_3,365,49,2024-01-06,2024-01-06 00:30:00
366_1,366,46,2024-06-15,2024-06-15 00:16:00
366_2,366,46,2024-04-08,2024-04-08 00:18:00
366_3,366,46,2024-01-22,2024-01-22 00:55:00
367_1,367,31,2024-05-30,2024-05-30 00:52:00
367_2,367,31,2024-04-13,2024-04-13 00:54:00
367_3,367,31,2024-03-29,2024-03-29 00:17:00
368_1,368,35,2024-05-17,2024-05-17 00:57:00
368_2,368,35,2024-01-09,2024-01-09 00:19:00
368_3,368,35,2024-02-21,2024-02-21 00:06:00
369_1,369,33,2024-06-01,2024-06-01 00:17:00
369_2,369,33,2024-02-20,2024-02-20 00:38:00
369_3,369,33,2024-02-04,2024-02-04 00:42:00
370_1,370,21,2024-05-10,2024-05-10 00:46:00
370_2,370,21,2024-04-29,2024-04-29 00:10:00
370_3,370,21,2024-06-24,2024-06-24 00:53:00
371_1,371,32,2024-05-26,2024-05-26 00:07:00
371_2,371,32,2024-04-12,2024-04-12 00:13:00
371_3,371,32,2024-04-25,2024-04-25 00:16:00
372_1,372,23,2024-05-12,2024-05-12 00:07:00
372_2,372,23,2024-05-18,2024-05-18 00:34:00
372_3,372,23,2024-05-08,2024-05-08 00:31:00
373_1,373,33,2024-04-01,2024-04-01 00:33:00
373_2,373,33,2024-01-12,2024-01-12 00:17:00
373_3,373,33,2024-02-10,2024-02-10 00:06:00
374_1,374,3,2024-02-06,2024-02-06 00:49:00
374_2,374,3,2024-06-24,2024-06-24 00:28:00
374_3,374,3,2024-04-08,2024-04-08 00:26:00
375_1,375,18,2024-04-09,2024-04-09 00:15:00
375_2,375,18,2024-02-27,2024-02-27 00:50:00
375_3,375,18,2024-01-29,2024-01-29 00:39:00
376_1,376,25,2024-05-22,2024-05-22 00:35:00
376_2,376,25,2024-02-11,2024-02-11 00:45:00
376_3,376,25,2024-02-12,2024-02-12 00:20:00
377_1,377,42,2024-03-14,2024-03-14 00:53:00
378_1,378,31,2024-06-08,2024-06-08 00:55:00
378_2,378,31,2024-01-02,2024-01-02 00:28:00
378_3,378,31,2024-03-06,2024-03-06 00:42:00
379_1,379,3,2024-01-31,2024-01-31 00:55:00
379_2,379,3,2024-01-26,2024-01-26 00:33:00
379_3,379,3,2024-03-18,2024-03-18 00:29:00
380_1,380,40,2024-02-17,2024-02-17 00:05:00
380_2,380,40,2024-03-07,2024-03-07 00:58:00
380_3,380,40,2024-03-30,2024-03-30 00:22:00
381_1,381,46,2024-05-16,2024-05-16 00:42:00
381_2,381,46,2024-03-27,2024-03-27 00:25:00
381_3,381,46,2024-03-05,2024-03-05 00:25:00
382_1,382,24,2024-01-27,2024-01-27 00:46:00
382_2,382,24,2024-05-02,2024-05-02 00:10:00
382_3,382,24,2024-02-13,2024-02-13 00:40:00
383_1,383,32,2024-01-28,2024-01-28 00:49:00
384_1,384,47,2024-01-17,2024-01-17 00:44:00
384_2,384,47,2024-05-10,2024-05-10 00:16:00
384_3,384,47,2024-02-15,2024-02-15 00:26:00
385_1,385,22,2024-06-06,2024-06-06 00:09:00
385_2,385,22,2024-05-16,2024-05-16 00:25:00
385_3,385,22,2024-01-11,2024-01-11 00:09:00
386_1,386,23,2024-04-08,2024-04-08 00:31:00
386_2,386,23,2024-06-07,2024-06-07 00:37:00
386_3,386,23,2024-06-15,2024-06-15 00:34:00
387_1,387,2,2024-06-22,2024-06-22 00:41:00
387_2,387,2,2024-04-24,2024-04-24 00:32:00
387_3,387,2,2024-01-31,2024-01-31 00:15:00
388_1,388,27,2024-03-27,2024-03-27 00:06:00
388_2,388,27,2024-04-14,2024-04-14 00:31:00
388_3,388,27,2024-01-02,2024-01-02 00:43:00
389_1,389,42,2024-04-10,2024-04-10 00:25:00
389_2,389,42,2024-02-27,2024-02-27 00:09:00
389_3,389,42,2024-06-28,2024-06-28 00:49:00
390_1,390,2,2024-03-25,2024-03-25 00:33:00
390_2,390,2,2024-01-20,2024-01-20 00:42:00
390_3,390,2,2024-05-27,2024-05-27 00:54:00
391_1,391,26,2024-01-25,2024-01-25 00:06:00
391_2,391,26,2024-04-30,2024-04-30 00:36:00
391_3,391,26,2024-01-26,2024-01-26 00:10:00
392_1,392,17,2024-06-17,2024-06-17 00:07:00
392_2,392,17,2024-01-01,2024-01-01 00:55:00
392_3,392,17,2024-01-05,2024-01-05 00:17:00
393_1,393,40,2024-05-26,2024-05-26 00:16:00
393_2,393,40,2024-02-17,2024-02-17 00:29:00
393_3,393,40,2024-02-26,2024-02-26 00:55:00
394_1,394,33,2024-02-04,2024-02-04 00:16:00
394_2,394,33,2024-04-03,2024-04-03 00:09:00
394_3,394,33,2024-01-22,2024-01-22 00:43:00
395_1,395,9,2024-06-23,2024-06-23 00:58:00
395_2,395,9,2024-05-10,2024-05-10 00:57:00
395_3,395,9,2024-06-07,2024-06-07 00:09:00
396_1,396,43,2024-04-13,2024-04-13 00:58:00
396_2,396,43,2024-06-09,2024-06-09 00:12:00
396_3,396,43,2024-06-26,2024-06-26 00:24:00
397_1,397,48,2024-01-16,2024-01-16 00:54:00
397_2,397,48,2024-04-25,2024-04-25 00:16:00
397_3,397,48,2024-04-18,2024-04-18 00:46:00
398_1,398,39,2024-02-08,2024-02-08 00:29:00
398_2,398,39,2024-06-22,2024-06-22 00:36:00
398_3,398,39,2024-04-21,2024-04-21 00:51:00
399_1,399,29,2024-06-20,2024-06-20 00:13:00
399_2,399,29,2024-05-07,2024-05-07 00:54:00
399_3,399,29,2024-03-17,2024-03-17 00:36:00
400_1,400,42,2024-01-15,2024-01-15 00:40:00
400_2,400,42,2024-03-03,2024-03-03 00:09:00
400_3,400,42,2024-06-17,2024-06-17 00:14:00
401_1,401,26,2024-01-24,2024-01-24 00:22:00
401_2,401,26,2024-02-18,2024-02-18 00:22:00
401_3,401,26,2024-01-07,2024-01-07 00:08:00
402_1,402,35,2024-03-30,2024-03-30 00:09:00
402_2,402,35,2024-02-29,2024-02-29 00:59:00
402_3,402,35,2024-01-16,2024-01-16 00:39:00
403_1,403,25,2024-01-29,2024-01-29 00:27:00
403_2,403,25,2024-01-14,2024-01-14 00:19:00
403_3,403,25,2024-06-25,2024-06-25 00:37:00
404_1,404,24,2024-06-01,2024-06-01 00:25:00
404_2,404,24,2024-05-24,2024-05-24 00:27:00
404_3,404,24,2024-02-26,2024-02-26 00:47:00
405_1,405,13,2024-05-21,2024-05-21 00:33:00
405_2,405,13,2024-01-20,2024-01-20 00:34:00
405_3,405,13,2024-01-19,2024-01-19 00:57:00
406_1,406,7,2024-04-12,2024-04-12 00:17:00
406_2,406,7,2024-05-30,2024-05-30 00:50:00
406_3,406,7,2024-02-02,2024-02-02 00:43:00
407_1,407,36,2024-01-18,2024-01-18 00:13:00
407_2,407,36,2024-06-09,2024-06-09 00:36:00
407_3,407,36,2024-01-17,2024-01-17 00:23:00
408_1,408,45,2024-03-10,2024-03-10 00:39:00
408_2,408,45,2024-04-29,2024-04-29 00:41:00
408_3,408,45,2024-02-03,2024-02-03 00:24:00
409_1,409,20,2024-06-01,2024-06-01 00:08:00
409_2,409,20,2024-03-14,2024-03-14 00:14:00
409_3,409,20,2024-03-28,2024-03-28 00:25:00
410_1,410,1,2024-01-11,2024-01-11 00:31:00
410_2,410,1,2024-05-23,2024-05-23 00:30:00
410_3,410,1,2024-05-06,2024-05-06 00:53:00
411_1,411,8,2024-03-20,2024-03-20 00:11:00
411_2,411,8,2024-01-16,2024-01-16 00:39:00
411_3,411,8,2024-01-16,2024-01-16 00:44:00
412_1,412,46,2024-01-12,2024-01-12 00:39:00
412_2,412,46,2024-01-21,2024-01-21 00:54:00
412_3,412,46,2024-06-19,2024-06-19 00:40:00
413_1,413,16,2024-01-17,2024-01-17 00:36:00
413_2,413,16,2024-02-10,2024-02-10 00:10:00
413_3,413,16,2024-01-27,2024-01-27 00:24:00
414_1,414,14,2024-06-01,2024-06-01 00:06:00
414_2,414,14,2024-05-16,2024-05-16 00:32:00
414_3,414,14,2024-03-01,2024-03-01 00:42:00
415_1,415,12,2024-01-03,2024-01-03 00:24:00
415_2,415,12,2024-04-12,2024-04-12 00:37:00
416_1,416,23,2024-02-24,2024-02-24 00:05:00
416_2,416,23,2024-04-10,2024-04-10 00:10:00
416_3,416,23,2024-02-14,2024-02-14 00:38:00
417_1,417,15,2024-06-23,2024-06-23 00:19:00
417_2,417,15,2024-01-26,2024-01-26 00:18:00
417_3,417,15,2024-02-15,2024-02-15 00:35:00
418_1,418,28,2024-02-28,2024-02-28 00:35:00
418_2,418,28,2024-01-29,2024-01-29 00:46:00
418_3,418,28,2024-01-17,2024-01-17 00:18:00
419_1,419,34,2024-06-12,2024-06-12 00:52:00
419_2,419,34,2024-01-24,2024-01-24 00:49:00
419_3,419,34,2024-03-31,2024-03-31 00:29:00
420_1,420,2,2024-02-01,2024-02-01 00:56:00
420_2,420,2,2024-03-22,2024-03-22 00:50:00
420_3,420,2,2024-05-25,2024-05-25 00:41:00
421_1,421,32,2024-01-26,2024-01-26 00:13:00
422_1,422,23,2024-03-04,2024-03-04 00:12:00
422_2,422,23,2024-05-27,2024-05-27 00:58:00
422_3,422,23,2024-04-15,2024-04-15 00:26:00
423_1,423,22,2024-06-06,2024-06-06 00:57:00
423_2,423,22,2024-04-01,2024-04-01 00:39:00
423_3,423,22,2024-01-11,2024-01-11 00:35:00
424_1,424,25,2024-06-25,2024-06-25 00:52:00
424_2,424,25,2024-04-09,2024-04-09 00:34:00
424_3,424,25,2024-03-27,2024-03-27 00:23:00
425_1,425,22,2024-05-19,2024-05-19 00:19:00
425_2,425,22,2024-06-07,2024-06-07 00:47:00
425_3,425,22,2024-04-10,2024-04-10 00:41:00
426_1,426,22,2024-01-29,2024-01-29 00:54:00
426_2,426,22,2024-04-16,2024-04-16 00:30:00
427_1,427,49,2024-04-17,2024-04-17 00:06:00
427_2,427,49,2024-03-24,2024-03-24 00:19:00
427_3,427,49,2024-05-11,2024-05-11 00:26:00
428_1,428,42,2024-02-19,2024-02-19 00:42:00
428_2,428,42,2024-01-23,2024-01-23 00:30:00
428_3,428,42,2024-04-24,2024-04-24 00:15:00
429_1,429,6,2024-06-04,2024-06-04 00:06:00
429_2,429,6,2024-05-02,2024-05-02 00:12:00
429_3,429,6,2024-06-05,2024-06-05 00:15:00
430_1,430,15,2024-01-18,2024-01-18 00:59:00
430_2,430,15,2024-02-19,2024-02-19 00:18:00
430_3,430,15,2024-04-27,2024-04-27 00:14:00
431_1,431,43,2024-05-16,2024-05-16 00:39:00
431_2,431,43,2024-05-18,2024-05-18 00:48:00
431_3,431,43,2024-03-07,2024-03-07 00:57:00
432_1,432,37,2024-06-15,2024-06-15 00:18:00
432_2,432,37,2024-06-04,2024-06-04 00:15:00
432_3,432,37,2024-02-08,2024-02-08 00:29:00
433_1,433,33,2024-01-21,2024-01-21 00:14:00
433_2,433,33,2024-06-19,2024-06-19 00:19:00
433_3,433,33,2024-02-17,2024-02-17 00:26:00
434_1,434,8,2024-05-28,2024-05-28 00:56:00
434_2,434,8,2024-02-19,2024-02-19 00:27:00
434_3,434,8,2024-05-20,2024-05-20 00:09:00
435_1,435,44,2024-01-04,2024-01-04 00:32:00
435_2,435,44,2024-03-18,2024-03-18 00:12:00
435_3,435,44,2024-01-09,2024-01-09 00:55:00
436_1,436,44,2024-06-11,2024-06-11 00:41:00
436_2,436,44,2024-05-28,2024-05-28 00:22:00
436_3,436,44,2024-04-06,2024-04-06 00:12:00
437_1,437,5,2024-03-21,2024-03-21 00:47:00
438_1,438,39,2024-04-04,2024-04-04 00:38:00
438_2,438,39,2024-01-06,2024-01-06 00:26:00
438_3,438,39,2024-03-07,2024-03-07 00:16:00
439_1,439,4,2024-04-09,2024-04-09 00:16:00
439_2,439,4,2024-03-06,2024-03-06 00:06:00
439_3,439,4,2024-05-22,2024-05-22 00:27:00
440_1,440,6,2024-06-05,2024-06-05 00:21:00
440_2,440,6,2024-05-14,2024-05-14 00:34:00
440_3,440,6,2024-06-04,2024-06-04 00:18:00
441_1,441,45,2024-06-20,2024-06-20 00:34:00
441_2,441,45,2024-06-08,2024-06-08 00:50:00
441_3,441,45,2024-03-10,2024-03-10 00:55:00
442_1,442,32,2024-03-28,2024-03-28 00:10:00
442_2,442,32,2024-01-27,2024-01-27 00:22:00
442_3,442,32,2024-03-28,2024-03-28 00:41:00
443_1,443,30,2024-04-29,2024-04-29 00:28:00
443_2,443,30,2024-04-11,2024-04-11 00:38:00
443_3,443,30,2024-06-16,2024-06-16 00:51:00
444_1,444,47,2024-01-24,2024-01-24 00:05:00
444_2,444,47,2024-01-18,2024-01-18 00:48:00
444_3,444,47,2024-03-16,2024-03-16 00:47:00
445_1,445,35,2024-06-04,2024-06-04 00:44:00
445_2,445,35,2024-05-03,2024-05-03 00:11:00
445_3,445,35,2024-05-30,2024-05-30 00:25:00
446_1,446,40,2024-06-10,2024-06-10 00:15:00
446_2,446,40,2024-06-11,2024-06-11 00:56:00
446_3,446,40,2024-04-02,2024-04-02 00:46:00
447_1,447,16,2024-01-28,2024-01-28 00:22:00
447_2,447,16,2024-01-24,2024-01-24 00:12:00
447_3,447,16,2024-04-15,2024-04-15 00:58:00
448_1,448,13,2024-02-22,2024-02-22 00:12:00
448_2,448,13,2024-05-11,2024-05-11 00:31:00
448_3,448,13,2024-04-09,2024-04-09 00:09:00
449_1,449,42,2024-02-18,2024-02-18 00:38:00
449_2,449,42,2024-01-30,2024-01-30 00:12:00
449_3,449,42,2024-04-12,2024-04-12 00:51:00
450_1,450,30,2024-01-26,2024-01-26 00:41:00
450_2,450,30,2024-01-07,2024-01-07 00:44:00
450_3,450,30,2024-04-01,2024-04-01 00:43:00
451_1,451,19,2024-04-12,2024-04-12 00:32:00
451_2,451,19,2024-02-22,2024-02-22 00:54:00
452_1,452,17,2024-05-11,2024-05-11 00:46:00
452_2,452,17,2024-04-17,2024-04-17 00:52:00
452_3,452,17,2024-06-01,2024-06-01 00:11:00
453_1,453,19,2024-06-04,2024-06-04 00:09:00
453_2,453,19,2024-03-07,2024-03-07 00:48:00
453_3,453,19,2024-04-20,2024-04-20 00:46:00
454_1,454,28,2024-05-27,2024-05-27 00:23:00
454_2,454,28,2024-05-03,2024-05-03 00:15:00
454_3,454,28,2024-04-13,2024-04-13 00:07:00
455_1,455,26,2024-01-07,2024-01-07 00:27:00
455_2,455,26,2024-04-19,2024-04-19 00:38:00
455_3,455,26,2024-04-15,2024-04-15 00:23:00
456_1,456,37,2024-02-27,2024-02-27 00:13:00
456_2,456,37,2024-02-17,2024-02-17 00:55:00
456_3,456,37,2024-02-10,2024-02-10 00:52:00
457_1,457,26,2024-06-21,2024-06-21 00:46:00
457_2,457,26,2024-01-25,2024-01-25 00:56:00
457_3,457,26,2024-03-18,2024-03-18 00:48:00
458_1,458,23,2024-01-25,2024-01-25 00:23:00
458_2,458,23,2024-02-08,2024-02-08 00:59:00
458_3,458,23,2024-03-19,2024-03-19 00:20:00
459_1,459,9,2024-01-27,2024-01-27 00:44:00
459_2,459,9,2024-03-14,2024-03-14 00:08:00
459_3,459,9,2024-05-26,2024-05-26 00:32:00
460_1,460,12,2024-05-02,2024-05-02 00:51:00
460_2,460,12,2024-06-09,2024-06-09 00:52:00
460_3,460,12,2024-05-17,2024-05-17 00:23:00
461_1,461,1,2024-01-30,2024-01-30 00:26:00
461_2,461,1,2024-01-03,2024-01-03 00:41:00
461_3,461,1,2024-04-14,2024-04-14 00:22:00
462_1,462,1,2024-06-24,2024-06-24 00:06:00
462_2,462,1,2024-02-23,2024-02-23 00:10:00
462_3,462,1,2024-04-16,2024-04-16 00:44:00
463_1,463,47,2024-05-02,2024-05-02 00:34:00
463_2,463,47,2024-01-02,2024-01-02 00:13:00
463_3,463,47,2024-04-20,2024-04-20 00:06:00
464_1,464,34,2024-04-02,2024-04-02 00:37:00
464_2,464,34,2024-04-10,2024-04-10 00:58:00
464_3,464,34,2024-04-06,2024-04-06 00:51:00
465_1,465,32,2024-01-06,2024-01-06 00:48:00
466_1,466,48,2024-05-06,2024-05-06 00:44:00
466_2,466,48,2024-05-26,2024-05-26 00:36:00
466_3,466,48,2024-06-03,2024-06-03 00:05:00
467_1,467,25,2024-02-02,2024-02-02 00:44:00
467_2,467,25,2024-02-01,2024-02-01 00:09:00
467_3,467,25,2024-01-17,2024-01-17 00:12:00
468_1,468,40,2024-02-26,2024-02-26 00:46:00
468_2,468,40,2024-04-07,2024-04-07 00:13:00
468_3,468,40,2024-04-29,2024-04-29 00:27:00
469_1,469,45,2024-06-11,2024-06-11 00:54:00
469_2,469,45,2024-02-23,2024-02-23 00:24:00
469_3,469,45,2024-01-25,2024-01-25 00:07:00
470_1,470,1,2024-06-22,2024-06-22 00:28:00
470_2,470,1,2024-02-15,2024-02-15 00:26:00
470_3,470,1,2024-05-18,2024-05-18 00:52:00
471_1,471,16,2024-01-08,2024-01-08 00:43:00
471_2,471,16,2024-06-11,2024-06-11 00:53:00
471_3,471,16,2024-02-15,2024-02-15 00:42:00
472_1,472,39,2024-05-15,2024-05-15 00:58:00
472_2,472,39,2024-06-13,2024-06-13 00:31:00
472_3,472,39,2024-04-01,2024-04-01 00:44:00
473_1,473,5,2024-02-03,2024-02-03 00:36:00
473_2,473,5,2024-03-19,2024-03-19 00:48:00
473_3,473,5,2024-05-06,2024-05-06 00:21:00
474_1,474,22,2024-06-09,2024-06-09 00:51:00
474_2,474,22,2024-04-19,2024-04-19 00:56:00
475_1,475,29,2024-04-27,2024-04-27 00:20:00
475_2,475,29,2024-01-09,2024-01-09 00:37:00
475_3,475,29,2024-04-22,2024-04-22 00:33:00
476_1,476,3,2024-05-28,2024-05-28 00:25:00
476_2,476,3,2024-01-10,2024-01-10 00:10:00
476_3,476,3,2024-04-24,2024-04-24 00:17:00
477_1,477,12,2024-03-05,2024-03-05 00:24:00
477_2,477,12,2024-02-26,2024-02-26 00:51:00
477_3,477,12,2024-02-15,2024-02-15 00:12:00
478_1,478,26,2024-01-10,2024-01-10 00:13:00
479_1,479,16,2024-04-22,2024-04-22 00:45:00
479_2,479,16,2024-05-18,2024-05-18 00:16:00
479_3,479,16,2024-05-17,2024-05-17 00:29:00
480_1,480,37,2024-06-25,2024-06-25 00:53:00
480_2,480,37,2024-01-11,2024-01-11 00:58:00
480_3,480,37,2024-06-12,2024-06-12 00:43:00
481_1,481,22,2024-02-22,2024-02-22 00:30:00
481_2,481,22,2024-02-25,2024-02-25 00:44:00
481_3,481,22,2024-05-08,2024-05-08 00:58:00
482_1,482,29,2024-05-11,2024-05-11 00:34:00
482_2,482,29,2024-01-12,2024-01-12 00:39:00
482_3,482,29,2024-03-17,2024-03-17 00:56:00
483_1,483,14,2024-06-07,2024-06-07 00:42:00
483_2,483,14,2024-03-27,2024-03-27 00:08:00
483_3,483,14,2024-02-21,2024-02-21 00:20:00
484_1,484,28,2024-05-14,2024-05-14 00:26:00
484_2,484,28,2024-03-15,2024-03-15 00:37:00
484_3,484,28,2024-02-27,2024-02-27 00:33:00
485_1,485,5,2024-04-12,2024-04-12 00:16:00
485_2,485,5,2024-01-07,2024-01-07 00:59:00
485_3,485,5,2024-04-15,2024-04-15 00:52:00
486_1,486,47,2024-03-30,2024-03-30 00:44:00
486_2,486,47,2024-04-07,2024-04-07 00:49:00
486_3,486,47,2024-03-17,2024-03-17 00:59:00
487_1,487,49,2024-04-28,2024-04-28 00:40:00
487_2,487,49,2024-03-29,2024-03-29 00:28:00
487_3,487,49,2024-06-20,2024-06-20 00:21:00
488_1,488,30,2024-05-09,2024-05-09 00:17:00
488_2,488,30,2024-06-07,2024-06-07 00:33:00
488_3,488,30,2024-04-23,2024-04-23 00:32:00
489_1,489,46,2024-06-03,2024-06-03 00:19:00
489_2,489,46,2024-02-02,2024-02-02 00:24:00
489_3,489,46,2024-06-18,2024-06-18 00:16:00
490_1,490,5,2024-04-10,2024-04-10 00:13:00
490_2,490,5,2024-01-23,2024-01-23 00:12:00
490_3,490,5,2024-04-21,2024-04-21 00:18:00
491_1,491,12,2024-03-31,2024-03-31 00:29:00
491_2,491,12,2024-03-17,2024-03-17 00:59:00
491_3,491,12,2024-03-25,2024-03-25 00:49:00
492_1,492,16,2024-01-31,2024-01-31 00:41:00
492_2,492,16,2024-05-01,2024-05-01 00:47:00
492_3,492,16,2024-02-23,2024-02-23 00:09:00
493_1,493,26,2024-05-20,2024-05-20 00:32:00
494_1,494,26,2024-02-12,2024-02-12 00:29:00
494_2,494,26,2024-04-24,2024-04-24 00:39:00
494_3,494,26,2024-02-16,2024-02-16 00:43:00
495_1,495,48,2024-03-11,2024-03-11 00:42:00
495_2,495,48,2024-03-07,2024-03-07 00:49:00
495_3,495,48,2024-06-15,2024-06-15 00:41:00
496_1,496,21,2024-04-28,2024-04-28 00:54:00
496_2,496,21,2024-03-26,2024-03-26 00:12:00
496_3,496,21,2024-02-21,2024-02-21 00:31:00
497_1,497,39,2024-02-02,2024-02-02 00:50:00
497_2,497,39,2024-03-21,2024-03-21 00:46:00
497_3,497,39,2024-04-21,2024-04-21 00:50:00
498_1,498,36,2024-05-05,2024-05-05 00:31:00
498_2,498,36,2024-05-15,2024-05-15 00:27:00
498_3,498,36,2024-04-15,2024-04-15 00:53:00
499_1,499,33,2024-03-04,2024-03-04 00:33:00
499_2,499,33,2024-04-23,2024-04-23 00:24:00
499_3,499,33,2024-01-16,2024-01-16 00:21:00
500_1,500,30,2024-01-19,2024-01-19 00:12:00
500_2,500,30,2024-06-14,2024-06-14 00:42:00
